year,total_zakat,avg_wealth
0,8219223.297030404,320574.0464306251
1,8190221.25347433,319418.62888549897
2,8161335.8148461785,318292.0967790009
3,8133172.512183728,317193.7279751653
4,8105713.292087842,316122.8183914256
5,8078940.552494344,315078.6815472794
6,8052837.131390697,314060.6481242369
7,8027386.295814625,313068.0655367704
8,8002571.731127971,312100.2975139906
9,7978377.53055847,311156.7236917803
